{"cameraMode":{"drawMode":0,"name":"Shaded","section":"Shading Mode"},"sceneLighting":true,"audioPlay":false,"sceneViewState":{"showFog":true,"showMaterialUpdate":true,"showSkybox":true,"showFlares":true,"showImageEffects":true,"showParticleSystems":true},"in2DMode":false,"pivot":{"x":-0.09255185723304749,"y":-3.0235843658447267,"z":3.6241025924682619},"rotation":{"x":-0.0677415132522583,"y":-0.021850889548659326,"z":0.0014836841728538275,"w":-0.9974576830863953},"size":9.726140975952149,"orthographic":false}